"","variableID","Corr","LReg","Lasso","MIC","RF"
"1","x1",0.3,1,0.79,0.39,0.55
"2","x2",0.44,0.56,0.83,0.61,0.67
"3","x3",0,0.5,0,0.34,0.13
"4","x4",1,0.57,1,1,0.56
"5","x5",0.1,0.27,0.51,0.2,0.29
"6","x6",0,0.02,0,0,0.01
"7","x7",0.01,0,0,0.07,0.02
"8","x8",0.02,0.03,0,0.05,0.01
"9","x9",0.01,0,0,0.09,0.01
"10","x10",0,0.01,0,0.04,0
"11","x11",0.29,0.6,0,0.43,0.39
"12","x12",0.44,0.14,0,0.71,0.35
"13","x13",0,0.48,0,0.23,0.07
"14","x14",0.99,0,0.16,1,1
