"","variableID","Corr","RF","RFE","Ridge"
"1","x1",0.3,0.55,1,0.77
"2","x2",0.44,0.67,1,0.75
"3","x3",0,0.13,1,0.05
"4","x4",1,0.56,1,1
"5","x5",0.1,0.29,0.78,0.88
"6","x6",0,0.01,0.44,0.05
"7","x7",0.01,0.02,0,0.01
"8","x8",0.02,0.01,0.56,0.09
"9","x9",0.01,0.01,0.11,0
"10","x10",0,0,0.33,0.01
"11","x11",0.29,0.39,1,0.59
"12","x12",0.44,0.35,0.67,0.68
"13","x13",0,0.07,0.89,0.02
"14","x14",0.99,1,0.22,0.95
